Date,Open,High,Low,Close,Adj Close,Volume
2021-07-01,16.299999237060547,21.690000534057617,15.5,21.0,20.361467361450195,40888200.0
2021-07-02,19.85400009155273,20.450000762939453,18.31999969482422,19.1200008392334,18.538637161254883,8631400.0
2021-07-06,18.899999618530277,19.1200008392334,17.0,17.0,16.483095169067383,3973000.0
2021-07-07,17.288999557495117,18.15999984741211,17.0,17.780000686645508,17.239377975463867,3213500.0
2021-07-08,17.25,18.350000381469727,17.0,18.200000762939453,17.6466064453125,5448300.0
2021-07-09,18.3700008392334,20.0,18.3700008392334,19.290000915527344,18.703466415405277,3951200.0
2021-07-12,19.700000762939453,,17.81999969482422,18.059999465942383,17.510862350463867,2665200.0
2021-07-13,18.25,18.645000457763672,17.5,17.600000381469727,17.064847946166992,2567600.0
2021-07-14,17.649999618530273,17.969999313354492,17.149999618530273,17.219999313354492,16.696407318115234,1456100.0
2021-07-15,17.329999923706055,17.530000686645508,16.989999771118164,17.110000610351562,16.589750289916992,828600.0
2021-07-16,17.020000457763672,17.329999923706055,17.0,17.040000915527344,16.521879196166992,1209800.0
2021-07-19,16.610000610351562,17.0,16.030000686645508,16.959999084472656,,1425400.0
2021-07-20,17.010000228881836,17.100000381469727,16.25,16.59000015258789,16.0855655670166,1181000.0
2021-07-21,16.5,16.790000915527344,16.079999923706055,16.280000686645508,15.784989356994627,
2021-07-22,16.049999237060547,16.280000686645508,15.789999961853027,16.06999969482422,15.581372261047363,1695500.0
2021-07-23,15.960000038146973,16.739999771118164,,16.709999084472656,16.2019100189209,
2021-07-26,16.729999542236328,17.969999313354492,16.684999465942383,17.170000076293945,16.647924423217773,3109600.0
2021-07-27,17.440000534057617,139.74943234843593,16.25,16.43000030517578,15.930425643920898,1076700.0
2021-07-28,16.5,16.850000381469727,15.899999618530272,15.949999809265137,15.465020179748535,1198800.0
2021-07-29,15.960000038146973,16.530000686645508,15.800000190734863,16.510000228881836,16.007991790771484,818600.0
2021-07-30,16.299999237060547,16.481000900268555,15.890000343322754,15.960000038146973,15.474716186523438,735700.0
2021-08-02,16.06999969482422,16.076000213623047,15.710000038146973,15.739999771118164,15.261404991149902,995100.0
2021-08-03,16.0,16.0,15.6899995803833,15.699999809265137,15.222623825073242,687100.0
2021-08-04,15.6899995803833,15.829999923706056,14.890000343322754,15.119999885559082,14.660259246826172,1453900.0
2021-08-05,15.119999885559082,15.640000343322754,14.920000076293944,15.640000343322754,15.164446830749512,537400.0
2021-08-06,15.56999969482422,15.649999618530272,15.170000076293944,15.31999969482422,14.85417938232422,341200.0
2021-08-09,15.300000190734863,16.030000686645508,15.0,15.899999618530272,15.41654109954834,1152300.0
2021-08-10,15.829999923706056,,15.380000114440918,15.68000030517578,15.203231811523438,563500.0
2021-08-11,15.760000228881836,15.899999618530272,14.984999656677246,15.079999923706056,14.621474266052246,930500.0
2021-08-12,15.079999923706056,15.31999969482422,,14.800000190734863,14.349987030029297,911400.0
2021-08-13,14.800000190734863,15.270000457763672,14.699999809265137,15.029999732971191,14.572993278503418,763800.0
2021-08-16,15.119999885559082,15.149999618530272,14.31999969482422,14.619999885559082,14.175460815429688,978300.0
2021-08-17,14.5600004196167,14.670000076293944,13.619999885559082,14.039999961853027,134.8566101074219,2476400.0
2021-08-18,14.23900032043457,14.25,13.010000228881836,13.06999969482422,12.672590255737305,3209300.0
2021-08-19,13.0,15.289999961853027,12.824999809265137,14.90999984741211,14.45664405822754,4320700.0
2021-08-20,14.609999656677246,15.630000114440918,14.5,15.06999969482422,14.611777305603027,2257100.0
2021-08-23,15.350000381469728,16.920000076293945,,16.729999542236328,16.221302032470703,2366000.0
2021-08-24,16.75,,,,16.444307327270508,1984900.0
2021-08-25,17.0,17.59000015258789,16.34000015258789,137.38367751336867,16.02738380432129,1576300.0
2021-08-26,16.790000915527344,17.219999313354492,16.530000686645508,16.969999313354492,16.45400619506836,964500.0
2021-08-27,16.93000030517578,17.299999237060547,16.809999465942383,17.0,16.483095169067383,1064200.0
2021-08-30,17.209999084472656,,,16.8799991607666,,1159000.0
2021-08-31,16.920000076293945,17.100000381469727,16.549999237060547,16.709999084472656,16.2019100189209,705800.0
2021-09-01,16.860000610351562,17.020000457763672,16.75,16.850000381469727,16.3376522064209,474200.0
2021-09-02,16.989999771118164,17.389999389648438,,16.790000915527344,16.279481887817383,1235600.0
2021-09-03,16.850000381469727,16.899999618530273,15.729999542236328,,15.62985134124756,1474700.0
2021-09-07,16.110000610351562,16.25,14.93000030517578,137.38367751336867,14.505123138427734,2465500.0
2021-09-08,14.970000267028809,15.425000190734863,14.800000190734863,,14.747520446777344,
2021-09-09,15.350000381469728,16.290000915527344,15.300000190734863,16.06999969482422,15.581372261047363,1200400.0
2021-09-10,16.25,16.450000762939453,15.65999984741211,15.970000267028809,15.484413146972656,1109900.0
2021-09-13,16.010000228881836,16.139999389648438,15.27299976348877,15.34000015258789,14.87356948852539,674600.0
2021-09-14,15.449999809265137,15.75,15.369999885559082,15.5600004196167,15.086877822875977,562000.0
2021-09-15,15.5600004196167,15.75,15.050000190734863,15.300000190734863,14.834786415100098,780200.0
2021-09-16,15.229999542236328,16.68000030517578,15.229999542236328,16.3799991607666,15.88194751739502,1512700.0
2021-09-17,16.31999969482422,16.5,,15.210000038146973,14.747520446777344,5721100.0
2021-09-20,14.81999969482422,15.770000457763672,14.5600004196167,14.979999542236328,14.524513244628906,2744000.0
2021-09-21,15.0,15.1899995803833,14.029999732971191,14.270000457763672,13.836104393005373,2259700.0
2021-09-22,14.289999961853027,14.460000038146973,14.020000457763672,14.15999984741211,13.729447364807127,1577800.0
2021-09-23,,14.800000190734863,14.199999809265137,14.729999542236328,14.28211498260498,1224500.0
2021-09-24,14.670000076293944,14.729999542236328,14.220000267028809,14.510000228881836,14.068805694580078,520900.0
2021-09-27,14.510000228881836,14.850000381469728,14.25,14.34000015258789,13.903975486755373,838800.0
2021-09-28,14.260000228881836,14.369999885559082,14.020000457763672,14.210000038146973,13.77792739868164,747000.0
2021-09-29,14.279999732971191,14.329999923706056,13.960000038146973,14.0,13.574315071105955,685800.0
2021-09-30,14.010000228881836,14.079999923706056,13.75,14.0,13.574315071105955,848700.0
2021-10-01,,14.25,13.81999969482422,14.220000267028809,13.78762435913086,638600.0
2021-10-04,14.05500030517578,14.220000267028809,13.82699966430664,13.93000030517578,13.506441116333008,560200.0
2021-10-05,13.949999809265137,14.020000457763672,13.800000190734863,13.890000343322754,13.467656135559082,635700.0
2021-10-06,13.81999969482422,13.890000343322754,13.720000267028809,13.800000190734863,13.38039493560791,819000.0
2021-10-07,13.890000343322754,14.09000015258789,13.68000030517578,13.75,13.331912994384766,1045800.0
2021-10-08,13.75,14.300000190734863,13.59000015258789,14.119999885559082,13.690664291381836,862600.0
2021-10-11,14.06999969482422,14.09000015258789,13.850000381469728,13.970000267028809,13.5452241897583,488500.0
2021-10-12,13.979999542236328,14.329999923706056,13.970000267028809,14.270000457763672,13.836104393005373,400600.0
2021-10-13,137.39122591326316,14.335000038146973,14.104999542236328,14.3100004196167,13.87488842010498,211600.0
2021-10-14,14.380000114440918,14.65999984741211,14.130000114440918,14.149999618530272,13.71975040435791,468300.0
2021-10-15,14.350000381469728,14.359999656677246,134.51774214467696,13.90999984741211,13.48705005645752,446500.0
2021-10-18,13.899999618530272,14.18000030517578,13.710000038146973,14.079999923706056,13.651881217956545,301700.0
2021-10-19,14.144000053405762,,13.829999923706056,13.890000343322754,13.467656135559082,510900.0
2021-10-20,13.899999618530272,13.975000381469728,13.800000190734863,13.920000076293944,13.496745109558104,413800.0
2021-10-21,13.65999984741211,13.850000381469728,13.06999969482422,13.130000114440918,12.73076629638672,1918700.0
2021-10-22,13.109999656677246,13.109999656677246,12.710000038146973,12.9399995803833,12.546544075012209,1378400.0
2021-10-25,12.90999984741211,13.229999542236328,12.760000228881836,12.960000038146973,12.56593418121338,694000.0
2021-10-26,13.0,13.289999961853027,12.899999618530272,13.260000228881836,12.891630172729492,479300.0
2021-10-27,13.25,13.359999656677246,12.770000457763672,12.770000457763672,12.415243148803713,
2021-10-28,12.928999900817873,12.928999900817873,12.630000114440918,12.890000343322754,12.531908988952637,572400.0
2021-10-29,12.829999923706056,12.871000289916992,12.699999809265137,12.75,12.395797729492188,413800.0
2021-11-01,12.81999969482422,13.039999961853027,12.760000228881836,12.949999809265137,12.590240478515623,689900.0
2021-11-02,13.0,14.239999771118164,,14.149999618530272,13.756903648376465,2343800.0
2021-11-03,14.06999969482422,14.149999618530272,13.401000022888184,13.859999656677246,13.474960327148438,1024000.0
2021-11-04,137.39122591326316,14.06999969482422,13.449999809265137,13.859999656677246,13.474960327148438,525600.0
2021-11-05,13.949999809265137,139.74943234843593,134.51774214467696,14.100000381469728,13.708292007446287,435100.0
2021-11-08,13.640000343322754,14.18000030517578,13.369999885559082,13.550000190734863,13.173572540283203,1094100.0
2021-11-09,13.5,,12.899999618530272,12.979999542236328,12.619406700134276,1256400.0
2021-11-10,13.779999732971191,14.850000381469728,13.300000190734863,13.369999885559082,12.99857234954834,2652100.0
2021-11-11,13.43000030517578,14.449999809265137,13.43000030517578,14.300000190734863,13.90273666381836,1208700.0
2021-11-12,14.34000015258789,14.729999542236328,14.163999557495115,,14.04857063293457,905900.0
2021-11-15,14.6899995803833,,14.18000030517578,14.350000381469728,13.951349258422852,842600.0
2021-11-16,14.850000381469728,,14.34000015258789,14.539999961853027,14.136070251464844,2104200.0
2021-11-17,14.59000015258789,15.079999923706056,14.520000457763672,14.979999542236328,14.56384563446045,916500.0
2021-11-18,14.800000190734863,14.9399995803833,13.640000343322754,13.6899995803833,13.309682846069336,1342500.0
2021-11-19,13.899999618530272,14.06999969482422,13.699999809265137,13.81999969482422,13.43607234954834,1089300.0
2021-11-22,14.0,14.460000038146973,13.81999969482422,14.039999961853027,13.649959564208984,1119300.0
2021-11-23,14.020000457763672,14.949999809265137,14.0,14.100000381469728,13.708292007446287,1278100.0
2021-11-24,13.979999542236328,15.6899995803833,13.979999542236328,15.529999732971191,134.8566101074219,2186200.0
2021-11-26,14.760000228881836,15.710000038146973,14.729999542236328,15.4399995803833,15.011065483093262,803500.0
2021-11-29,15.510000228881836,16.079999923706055,14.99899959564209,15.210000038146973,,1574600.0
2021-11-30,15.0,139.74943234843593,13.920000076293944,14.550000190734863,14.145792007446287,2925600.0
2021-12-01,13.970000267028809,14.699999809265137,13.0,13.1899995803833,12.823572158813477,3052500.0
2021-12-02,,14.34000015258789,13.380000114440918,14.170000076293944,13.776348114013672,1657200.0
2021-12-03,14.100000381469728,15.876999855041504,14.100000381469728,15.699999809265137,15.26384449005127,
2021-12-06,15.40999984741211,16.420000076293945,15.350000381469728,15.729999542236328,15.293011665344238,1969100.0
2021-12-07,16.0,16.950000762939453,15.734999656677246,,15.361065864562988,1462700.0
2021-12-08,15.890000343322754,16.690000534057617,15.890000343322754,15.960000038146973,15.516620635986328,1408400.0
2021-12-09,16.0,16.329999923706055,14.8100004196167,14.899999618530272,14.486068725585938,1216600.0
2021-12-10,14.9399995803833,15.604999542236328,14.9399995803833,15.529999732971191,,1323400.0
2021-12-13,15.470000267028809,16.079999923706055,15.300000190734863,15.979999542236328,15.536065101623535,998000.0
2021-12-14,15.449999809265137,16.360000610351562,15.399999618530272,15.989999771118164,15.54578971862793,987700.0
2021-12-15,15.829999923706056,16.0,15.270000457763672,16.0,15.55551052093506,671400.0
2021-12-16,16.010000228881836,16.299999237060547,15.350000381469728,15.59000015258789,15.156902313232422,843800.0
2021-12-17,15.479999542236328,17.559999465942383,15.442999839782717,17.170000076293945,,2514100.0
2021-12-20,16.75,16.8799991607666,,15.979999542236328,15.536065101623535,2080700.0
2021-12-21,16.0,16.489999771118164,15.699999809265137,15.850000381469728,15.40967845916748,1169900.0
2021-12-22,15.800000190734863,16.024999618530273,15.520000457763672,137.38367751336867,15.458288192749023,947400.0
2021-12-23,15.850000381469728,17.06999969482422,15.81999969482422,16.90999984741211,16.44023323059082,1569000.0
2021-12-27,16.600000381469727,17.364999771118164,16.15999984741211,16.219999313354492,15.76939582824707,1393900.0
2021-12-28,16.239999771118164,18.600000381469727,16.225000381469727,17.850000381469727,17.354116439819336,
2021-12-29,17.579999923706055,18.31999969482422,17.350000381469727,17.719999313354492,17.227725982666016,1176500.0
2021-12-30,17.575000762939453,139.74943234843593,17.575000762939453,18.46999931335449,17.956890106201172,1721500.0
2021-12-31,18.1299991607666,19.549999237060547,18.104999542236328,18.920000076293945,18.39439582824707,1625700.0
2022-01-03,18.920000076293945,19.41200065612793,18.43000030517578,18.57999992370605,,1143000.0
2022-01-04,18.32999992370605,,17.559999465942383,18.479999542236328,17.966615676879883,1142800.0
2022-01-05,18.149999618530277,19.0,18.100000381469727,18.170000076293945,17.665225982666016,1369000.0
2022-01-06,18.21999931335449,18.780000686645508,18.00200080871582,137.38367751336867,17.781892776489258,1539800.0
2022-01-07,18.290000915527344,18.549999237060547,17.469999313354492,17.56999969482422,17.081893920898438,982000.0
2022-01-10,17.489999771118164,17.5,16.540000915527344,17.239999771118164,16.76106071472168,929800.0
2022-01-11,17.350000381469727,17.989999771118164,17.170000076293945,17.68000030517578,17.188838958740234,1190400.0
2022-01-12,17.700000762939453,17.739999771118164,16.357999801635742,17.010000228881836,16.537456512451172,1491000.0
2022-01-13,17.170000076293945,17.225000381469727,16.6299991607666,16.739999771118164,16.274953842163086,862600.0
2022-01-14,16.520000457763672,16.850000381469727,16.0,16.200000762939453,15.749954223632812,1143300.0
2022-01-18,15.949999809265137,16.19099998474121,15.470000267028809,15.640000343322754,15.205512046813965,1172800.0
2022-01-19,15.59000015258789,15.859999656677246,15.220000267028809,15.289999961853027,14.865233421325684,
2022-01-20,137.39122591326316,15.75,14.25,14.289999961853027,13.89301586151123,1529400.0
2022-01-21,14.09000015258789,14.960000038146973,14.0,14.369999885559082,13.970792770385742,1700700.0
2022-01-24,14.100000381469728,15.0,13.899999618530272,14.81999969482422,14.408291816711426,1377100.0
2022-01-25,14.470000267028809,14.65999984741211,14.039999961853027,14.229999542236328,13.867432594299316,
2022-01-26,14.550000190734863,14.899999618530272,14.0,14.18000030517578,13.818706512451172,1163100.0
2022-01-27,,14.524999618530272,14.0,14.09000015258789,13.730999946594238,891500.0
2022-01-28,14.170000076293944,14.529999732971191,13.80500030517578,14.529999732971191,14.159789085388184,
2022-01-31,14.300000190734863,15.020000457763672,14.25,14.989999771118164,14.608067512512209,
2022-02-01,14.920000076293944,15.09000015258789,134.51774214467696,14.710000038146973,14.335203170776367,1501800.0
2022-02-02,14.630000114440918,14.670000076293944,14.3100004196167,14.40999984741211,14.0428466796875,1063900.0
2022-02-03,14.210000038146973,14.699999809265137,14.149999618530272,14.239999771118164,,1265400.0
2022-02-04,14.229999542236328,14.529999732971191,14.039999961853027,14.449999809265137,14.081827163696287,946200.0
2022-02-07,14.550000190734863,14.800000190734863,14.470000267028809,14.770000457763672,14.39367389678955,1044100.0
2022-02-08,,15.175000190734863,14.710000038146973,15.020000457763672,14.637304306030272,1295900.0
2022-02-09,15.15999984741211,15.40999984741211,15.010000228881836,15.31999969482422,14.929659843444824,951700.0
2022-02-10,15.30500030517578,15.579999923706056,15.130000114440918,15.1899995803833,14.802972793579102,1346000.0
2022-02-11,15.109999656677246,15.18000030517578,13.93000030517578,13.979999542236328,13.623801231384276,1879400.0
2022-02-14,13.899999618530272,14.4399995803833,13.829999923706056,13.899999618530272,13.545841217041016,2055300.0
2022-02-15,14.24899959564209,,134.51774214467696,14.260000228881836,13.89666748046875,1439800.0
2022-02-16,14.279999732971191,14.56999969482422,14.06999969482422,137.38367751336867,14.091571807861328,934100.0
2022-02-17,14.300000190734863,14.43000030517578,13.829999923706056,13.859999656677246,13.506858825683594,889100.0
2022-02-18,13.90999984741211,14.0600004196167,13.260000228881836,13.739999771118164,13.389918327331545,1398700.0
2022-02-22,13.670000076293944,15.289999961853027,13.670000076293944,14.890000343322754,14.51061725616455,3359300.0
2022-02-23,14.989999771118164,14.989999771118164,14.270000457763672,14.289999961853027,13.9259033203125,1200600.0
2022-02-24,13.81999969482422,14.4399995803833,13.25,14.420000076293944,14.05259132385254,1411500.0
2022-02-25,14.399999618530272,,14.350000381469728,14.93000030517578,14.54959774017334,1566500.0
2022-02-28,14.75,15.020000457763672,14.5600004196167,14.90999984741211,14.530106544494627,1963600.0
2022-03-01,14.800000190734863,14.890000343322754,14.279999732971191,14.56999969482422,14.198769569396973,1242500.0
2022-03-02,14.59000015258789,15.5,14.579999923706056,15.229999542236328,14.841952323913574,1299000.0
2022-03-03,15.260000228881836,15.3100004196167,14.460000038146973,14.539999961853027,14.16953468322754,835800.0
2022-03-04,14.420000076293944,14.640000343322754,14.095000267028809,14.579999923706056,14.208514213562012,947800.0
2022-03-07,14.619999885559082,15.119999885559082,13.880000114440918,13.9399995803833,13.584821701049805,
2022-03-08,13.949999809265137,14.520000457763672,13.760000228881836,13.800000190734863,13.44838809967041,1467300.0
2022-03-09,14.109999656677246,139.74943234843593,14.0,14.260000228881836,13.89666748046875,1109500.0
2022-03-10,14.0,14.31999969482422,13.760000228881836,,13.633545875549316,1020900.0
2022-03-11,14.109999656677246,14.220000267028809,13.539999961853027,13.550000190734863,13.204756736755373,1101000.0
2022-03-14,,13.8100004196167,13.149999618530272,13.40999984741211,13.068324089050291,1218300.0
2022-03-15,13.65999984741211,14.369999885559082,13.579999923706056,14.18000030517578,13.818706512451172,1946500.0
2022-03-16,14.34000015258789,14.710000038146973,14.109999656677246,14.5,14.130553245544434,2145400.0
2022-03-17,14.329999923706056,14.779999732971191,14.260000228881836,14.489999771118164,14.120807647705078,2155400.0
2022-03-18,14.479999542236328,14.770000457763672,14.380000114440918,14.390000343322754,14.023356437683104,9698100.0
2022-03-21,14.399999618530272,14.81999969482422,,14.6899995803833,134.8566101074219,2138300.0
2022-03-22,14.81999969482422,14.81999969482422,14.390000343322754,14.489999771118164,14.120807647705078,1682000.0
2022-03-23,14.390000343322754,14.869999885559082,14.34000015258789,14.739999771118164,14.364437103271484,1204700.0
2022-03-24,14.75,15.229999542236328,14.699999809265137,15.06999969482422,,1122600.0
2022-03-25,15.050000190734863,15.119999885559082,14.454999923706056,14.5,14.130553245544434,1872300.0
2022-03-28,14.5,14.65999984741211,14.18000030517578,14.350000381469728,13.984375,727000.0
2022-03-29,,14.859999656677246,14.449999809265137,14.81999969482422,14.442399978637695,1203600.0
2022-03-30,14.789999961853027,,14.600000381469728,15.25,14.861441612243652,2140000.0
2022-03-31,15.15999984741211,15.58199977874756,14.81999969482422,14.850000381469728,14.471634864807127,907800.0
2022-04-01,14.850000381469728,14.869999885559082,13.31999969482422,14.100000381469728,13.74074363708496,3100000.0
2022-04-04,14.079999923706056,14.460000038146973,13.920000076293944,14.399999618530272,14.033100128173828,896500.0
2022-04-05,14.300000190734863,14.460000038146973,13.850000381469728,13.890000343322754,,867200.0
2022-04-06,13.739999771118164,14.09000015258789,13.359999656677246,13.989999771118164,13.633545875549316,1033900.0
2022-04-07,14.0,14.010000228881836,13.5,13.880000114440918,13.526349067687988,443600.0
2022-04-08,13.84000015258789,13.975000381469728,13.550000190734863,,13.44838809967041,727600.0
2022-04-11,13.68000030517578,13.890000343322754,13.5600004196167,13.59000015258789,13.243739128112791,551700.0
2022-04-12,13.40999984741211,13.760000228881836,13.0600004196167,13.170000076293944,12.834442138671877,1486700.0
2022-04-13,13.34000015258789,13.479999542236328,13.109999656677246,13.43000030517578,13.087815284729004,704900.0
2022-04-14,13.369999885559082,13.68000030517578,13.34000015258789,137.38367751336867,13.282720565795898,
2022-04-18,13.489999771118164,13.720000267028809,13.369999885559082,13.59000015258789,13.243739128112791,392000.0
2022-04-19,13.649999618530272,,13.59000015258789,14.34000015258789,13.97463035583496,814300.0
2022-04-20,14.4399995803833,14.59000015258789,14.260000228881836,14.40999984741211,14.0428466796875,645400.0
2022-04-21,14.510000228881836,14.630000114440918,14.175000190734863,14.31999969482422,13.955138206481934,752600.0
2022-04-22,,14.550000190734863,14.170000076293944,14.350000381469728,13.984375,599300.0
2022-04-25,14.210000038146973,14.539999961853027,14.210000038146973,14.489999771118164,14.120807647705078,561500.0
2022-04-26,14.34000015258789,14.364999771118164,13.59000015258789,13.68000030517578,13.363725662231444,522200.0
2022-04-27,13.630000114440918,13.739999771118164,13.279999732971191,13.31999969482422,13.01204776763916,478800.0
2022-04-28,13.350000381469728,13.720000267028809,13.149999618530272,13.65999984741211,13.34418773651123,
2022-04-29,13.609999656677246,13.84000015258789,,13.279999732971191,12.97297191619873,521800.0
2022-05-02,13.300000190734863,13.449999809265137,12.92300033569336,13.449999809265137,13.139043807983398,621300.0
2022-05-03,13.399999618530272,13.56999969482422,13.130000114440918,13.529999732971191,13.21719455718994,696500.0
2022-05-04,13.600000381469728,14.079999923706056,13.260000228881836,14.029999732971191,13.705633163452148,769100.0
2022-05-05,13.850000381469728,13.899999618530272,13.239999771118164,13.380000114440918,13.070661544799805,
2022-05-06,,13.550000190734863,12.93000030517578,13.119999885559082,12.816672325134276,768500.0
2022-05-09,13.029999732971191,13.125,12.380000114440918,,12.211005210876465,795800.0
2022-05-10,12.699999809265137,12.699999809265137,11.979999542236328,12.210000038146973,11.92771053314209,898900.0
2022-05-11,,13.220000267028809,12.335000038146973,12.670000076293944,12.377077102661133,1113900.0
2022-05-12,12.5600004196167,13.109999656677246,12.350000381469728,13.09000015258789,12.787364959716797,930200.0
2022-05-13,13.779999732971191,14.640000343322754,13.59000015258789,,14.115923881530762,1627900.0
2022-05-16,137.39122591326316,14.640000343322754,14.071000099182127,14.4399995803833,14.106154441833496,1197700.0
2022-05-17,14.649999618530272,14.850000381469728,14.43000030517578,14.489999771118164,14.154998779296877,845900.0
2022-05-18,14.350000381469728,14.5,13.970000267028809,14.09000015258789,13.764245986938477,653800.0
2022-05-19,13.949999809265137,14.779999732971191,13.949999809265137,14.489999771118164,14.154998779296877,687500.0
2022-05-20,14.600000381469728,14.725000381469728,13.520000457763672,13.859999656677246,13.539563179016112,614600.0
2022-05-23,13.979999542236328,14.359999656677246,13.84000015258789,14.260000228881836,13.930315971374512,
2022-05-24,14.130000114440918,14.329999923706056,13.914999961853027,14.100000381469728,13.77401638031006,480200.0
2022-05-25,14.050000190734863,14.579999923706056,14.02400016784668,14.449999809265137,14.115923881530762,483900.0
2022-05-26,14.550000190734863,14.859999656677246,14.545000076293944,14.600000381469728,14.262455940246582,480300.0
2022-05-27,14.68000030517578,14.869999885559082,14.630000114440918,14.81999969482422,14.477368354797363,428300.0
2022-05-31,14.619999885559082,14.970000267028809,14.5,14.81999969482422,14.477368354797363,859800.0
2022-06-01,14.880000114440918,15.029999732971191,14.359999656677246,14.899999618530272,14.555519104003906,937300.0
2022-06-02,14.899999618530272,15.005000114440918,14.5,14.6899995803833,14.350374221801758,398900.0
2022-06-03,14.539999961853027,14.539999961853027,14.220000267028809,14.260000228881836,13.930315971374512,
2022-06-06,14.34000015258789,14.380000114440918,14.15999984741211,137.38367751336867,13.94985294342041,325800.0
2022-06-07,,14.5,14.079999923706056,14.300000190734863,13.96939182281494,338800.0
2022-06-08,14.1899995803833,,13.920000076293944,13.960000038146973,13.637252807617188,397600.0
2022-06-09,13.90999984741211,14.100000381469728,13.630000114440918,13.65999984741211,13.34418773651123,358700.0
2022-06-10,13.4399995803833,13.58199977874756,13.201000213623049,13.4399995803833,13.129273414611816,579900.0
2022-06-13,13.15999984741211,13.34000015258789,12.784000396728516,12.84000015258789,12.543145179748535,
2022-06-14,12.829999923706056,12.979999542236328,12.61400032043457,12.84000015258789,12.543145179748535,561400.0
2022-06-15,12.9399995803833,13.270000457763672,,13.0600004196167,12.758061408996582,541500.0
2022-06-16,12.760000228881836,12.770000457763672,12.300000190734863,12.380000114440918,12.093779563903809,542400.0
2022-06-17,12.510000228881836,12.899999618530272,12.329999923706056,12.84000015258789,12.543145179748535,664900.0
2022-06-21,13.050000190734863,13.229999542236328,12.800000190734863,13.119999885559082,12.816672325134276,344700.0
2022-06-22,12.850000381469728,13.279999732971191,12.850000381469728,13.220000267028809,12.91436004638672,372300.0
2022-06-23,13.289999961853027,14.020000457763672,13.279999732971191,14.0,13.6763277053833,522000.0
2022-06-24,14.079999923706056,14.75,13.958000183105469,14.75,14.408987998962402,3863000.0
2022-06-27,14.68000030517578,14.729999542236328,14.027999877929688,14.300000190734863,13.96939182281494,639300.0
2022-06-28,14.390000343322754,14.40999984741211,13.68000030517578,13.710000038146973,13.393031120300291,404800.0
2022-06-29,13.369999885559082,13.670000076293944,13.369999885559082,13.579999923706056,13.266037940979004,564400.0
2022-06-30,13.5600004196167,13.824999809265137,13.289999961853027,13.600000381469728,13.285574913024902,552200.0
2022-07-01,13.520000457763672,13.789999961853027,13.46500015258789,13.600000381469728,13.285574913024902,352200.0
2022-07-05,13.420000076293944,13.880000114440918,13.34000015258789,13.859999656677246,13.539563179016112,470300.0
2022-07-06,13.90999984741211,13.989999771118164,13.630000114440918,13.8100004196167,13.490718841552734,435300.0
2022-07-07,13.859999656677246,139.74943234843593,13.770000457763672,14.130000114440918,,504800.0
2022-07-08,14.109999656677246,14.270000457763672,13.92099952697754,14.130000114440918,13.803322792053224,
2022-07-11,14.050000190734863,14.125,13.914999961853027,13.949999809265137,13.627483367919922,273000.0
2022-07-12,13.899999618530272,14.079999923706056,13.789999961853027,13.850000381469728,13.52979564666748,201100.0
2022-07-13,13.600000381469728,14.029999732971191,,13.9399995803833,13.61771297454834,317600.0
2022-07-14,13.880000114440918,13.979999542236328,13.755000114440918,13.960000038146973,13.637252807617188,293400.0
2022-07-15,14.1899995803833,14.25,13.920000076293944,14.09000015258789,13.764245986938477,470300.0
2022-07-18,14.119999885559082,14.31999969482422,14.079999923706056,14.220000267028809,13.891240119934082,364100.0
2022-07-19,14.359999656677246,14.5600004196167,14.220000267028809,14.550000190734863,14.21361255645752,521500.0
2022-07-20,14.510000228881836,14.90999984741211,14.510000228881836,14.729999542236328,14.389449119567873,367200.0
2022-07-21,14.699999809265137,14.699999809265137,14.449999809265137,14.579999923706056,14.242918014526367,393100.0
2022-07-22,14.539999961853027,14.630000114440918,14.354999542236328,14.5,14.164767265319824,269600.0
2022-07-25,137.39122591326316,139.74943234843593,14.300000190734863,14.640000343322754,14.301530838012695,245000.0
2022-07-26,14.520000457763672,14.699999809265137,14.329999923706056,14.369999885559082,14.071413040161133,295800.0
2022-07-27,14.539999961853027,14.638999938964844,14.15999984741211,14.350000381469728,,451500.0
2022-07-28,14.31999969482422,14.460000038146973,14.239999771118164,,13.993074417114258,273900.0
2022-07-29,14.329999923706056,14.329999923706056,14.06999969482422,14.279999732971191,13.983283042907717,571300.0
2022-08-01,14.220000267028809,14.529999732971191,14.105999946594238,14.380000114440918,14.081206321716309,402200.0
2022-08-02,14.359999656677246,14.524999618530272,14.199999809265137,14.4399995803833,14.139959335327148,385900.0
2022-08-03,14.5,14.59000015258789,14.312999725341797,14.5,14.198712348937988,654400.0
2022-08-04,14.489999771118164,14.6850004196167,14.289999961853027,14.470000267028809,14.16933536529541,703900.0
2022-08-05,14.420000076293944,14.489999771118164,14.239999771118164,14.350000381469728,14.051828384399414,493300.0
2022-08-08,14.40999984741211,14.869999885559082,14.385000228881836,14.520000457763672,14.218295097351074,1919300.0
2022-08-09,14.489999771118164,14.699999809265137,14.359999656677246,14.470000267028809,14.16933536529541,436100.0
2022-08-10,14.6899995803833,14.699999809265137,14.470000267028809,14.5,14.198712348937988,334700.0
2022-08-11,14.630000114440918,14.6899995803833,,14.479999542236328,,466500.0
2022-08-12,14.5600004196167,14.81999969482422,14.460000038146973,14.789999961853027,14.482686042785645,787800.0
2022-08-15,14.75,139.74943234843593,,,14.34559440612793,
2022-08-16,14.479999542236328,139.74943234843593,13.859999656677246,14.520000457763672,14.218295097351074,1514600.0
2022-08-17,13.210000038146973,13.510000228881836,,12.760000228881836,12.494866371154783,5707600.0
2022-08-18,12.640000343322754,12.800000190734863,12.40999984741211,12.5,12.240267753601074,1632700.0
2022-08-19,12.211000442504885,12.56999969482422,12.010000228881836,12.1899995803833,11.936708450317385,1822200.0
2022-08-22,12.079999923706056,12.145000457763672,11.859999656677246,11.890000343322754,11.642945289611816,1486400.0
2022-08-23,12.18000030517578,12.260000228881836,12.010000228881836,12.130000114440918,11.877957344055176,1441000.0
2022-08-24,12.119999885559082,12.260000228881836,11.949999809265137,11.960000038146973,11.7114896774292,970600.0
2022-08-25,11.979999542236328,12.260000228881836,11.979999542236328,12.239999771118164,11.98567008972168,787500.0
2022-08-26,12.239999771118164,12.348999977111816,11.920000076293944,11.9399995803833,11.691905975341797,848100.0
2022-08-29,11.850000381469728,11.998000144958496,11.779999732971191,11.800000190734863,11.554813385009766,898300.0
2022-08-30,11.84000015258789,11.9399995803833,11.335000038146973,11.600000381469728,11.358968734741213,1415400.0
2022-08-31,11.699999809265137,11.93000030517578,11.59000015258789,11.75,11.505852699279783,1093200.0
2022-09-01,11.600000381469728,11.744999885559082,11.454999923706056,11.720000267028809,11.476475715637209,822900.0
2022-09-02,11.8100004196167,11.885000228881836,11.609999656677246,,11.456892013549805,705400.0
2022-09-06,11.670000076293944,12.210000038146973,11.670000076293944,11.9399995803833,11.691905975341797,
2022-09-07,11.90999984741211,12.225000381469728,11.899999618530272,12.0600004196167,11.80941104888916,1434100.0
2022-09-08,11.920000076293944,12.34000015258789,11.899999618530272,12.34000015258789,12.08359432220459,
2022-09-09,,12.520000457763672,12.359999656677246,12.449999809265137,12.19130802154541,858800.0
2022-09-12,12.5,12.720000267028809,12.43000030517578,12.470000267028809,12.210893630981444,771700.0
2022-09-13,12.15999984741211,12.260000228881836,11.96500015258789,137.38367751336867,134.8566101074219,1109300.0
2022-09-14,12.199999809265137,12.260000228881836,11.970000267028809,12.130000114440918,11.877957344055176,790600.0
2022-09-15,12.09000015258789,12.385000228881836,12.039999961853027,12.289999961853027,12.034632682800291,832200.0
2022-09-16,12.130000114440918,12.44499969482422,12.079999923706056,12.199999809265137,11.946502685546877,3621400.0
2022-09-19,12.09000015258789,12.479999542236328,12.072999954223633,12.460000038146973,,971900.0
2022-09-20,12.289999961853027,12.609999656677246,12.140000343322754,12.270000457763672,12.015048027038574,1068500.0
2022-09-21,12.279999732971191,12.479999542236328,134.51774214467696,12.199999809265137,11.946502685546877,715300.0
2022-09-22,12.130000114440918,12.31999969482422,11.960000038146973,12.119999885559082,,1184400.0
2022-09-23,11.93000030517578,12.0600004196167,11.460000038146973,11.670000076293944,11.427515029907228,887100.0
2022-09-26,11.65999984741211,11.890000343322754,11.359999656677246,11.380000114440918,11.143539428710938,893300.0
2022-09-27,11.520000457763672,11.670000076293944,11.25,11.470000267028809,11.231670379638672,935700.0
2022-09-28,11.470000267028809,11.845000267028809,11.359999656677246,11.760000228881836,134.8566101074219,741400.0
2022-09-29,137.39122591326316,11.75,11.350000381469728,11.460000038146973,11.221879005432127,675400.0
2022-09-30,,11.8100004196167,11.369999885559082,11.529999732971191,11.290423393249512,760100.0
2022-10-03,11.609999656677246,,11.53499984741211,12.010000228881836,11.76045036315918,760400.0
2022-10-04,12.100000381469728,12.470000267028809,11.800000190734863,11.869999885559082,11.62335968017578,1351200.0
2022-10-05,11.739999771118164,,11.67300033569336,137.38367751336867,12.015048027038574,
2022-10-06,12.359999656677246,,12.350000381469728,12.739999771118164,12.475282669067385,1572300.0
2022-10-07,12.600000381469728,12.880000114440918,12.369999885559082,12.800000190734863,12.534035682678224,1143300.0
2022-10-10,12.779999732971191,13.001999855041504,12.524999618530272,12.59000015258789,12.328398704528809,1088900.0
2022-10-11,137.39122591326316,12.81999969482422,12.220000267028809,12.59000015258789,12.328398704528809,1043400.0
2022-10-12,12.579999923706056,12.8100004196167,12.489999771118164,,12.494866371154783,633700.0
2022-10-13,,13.05500030517578,12.40999984741211,12.989999771118164,12.720088005065918,805700.0
2022-10-14,137.39122591326316,13.095000267028809,12.800000190734863,12.84000015258789,12.573204040527344,403700.0
2022-10-17,13.039999961853027,13.140000343322754,12.869999885559082,12.93000030517578,12.661334991455078,581600.0
2022-10-18,13.079999923706056,14.029999732971191,12.944000244140623,13.199999809265137,12.925724029541016,5267800.0
2022-10-19,13.100000381469728,13.425000190734863,13.029999732971191,13.390000343322754,13.111776351928713,802300.0
2022-10-20,13.260000228881836,13.760000228881836,13.260000228881836,13.6899995803833,13.40554141998291,944100.0
2022-10-21,13.710000038146973,14.0649995803833,13.600000381469728,14.010000228881836,13.71889305114746,742400.0
2022-10-24,13.949999809265137,,13.81999969482422,14.239999771118164,13.944113731384276,651900.0
2022-10-25,14.210000038146973,14.515000343322754,14.119999885559082,14.350000381469728,14.086450576782228,562700.0
2022-10-26,14.489999771118164,14.609999656677246,14.109999656677246,14.149999618530272,13.89012336730957,709600.0
2022-10-27,14.289999961853027,14.43000030517578,,14.199999809265137,13.93920612335205,
2022-10-28,14.289999961853027,14.550000190734863,14.21500015258789,14.399999618530272,14.135531425476074,720300.0
2022-10-31,14.420000076293944,14.529999732971191,14.260000228881836,,14.086450576782228,441300.0
2022-11-01,14.479999542236328,14.520000457763672,14.350000381469728,14.449999809265137,14.184615135192873,449700.0
2022-11-02,14.350000381469728,14.390000343322754,14.0,14.0,13.742879867553713,634600.0
2022-11-03,,14.15999984741211,13.84000015258789,13.979999542236328,13.72324562072754,688100.0
2022-11-04,14.100000381469728,14.31999969482422,13.890000343322754,14.31999969482422,,835600.0
2022-11-07,14.329999923706056,14.520000457763672,14.239999771118164,,14.22387981414795,487600.0
2022-11-08,137.39122591326316,14.595000267028809,14.425000190734863,14.510000228881836,14.243512153625488,502300.0
2022-11-09,14.449999809265137,14.539999961853027,14.15999984741211,14.15999984741211,13.899940490722656,729800.0
2022-11-10,14.380000114440918,14.539999961853027,13.970000267028809,14.220000267028809,13.958839416503906,933900.0
2022-11-11,14.31999969482422,,14.109999656677246,14.260000228881836,13.998104095458984,1001700.0
2022-11-14,14.300000190734863,14.359999656677246,14.010000228881836,14.170000076293944,13.909756660461426,1060500.0
2022-11-15,14.010000228881836,14.5,13.9399995803833,14.489999771118164,14.22387981414795,1153100.0
2022-11-16,14.539999961853027,14.760000228881836,14.255000114440918,14.550000190734863,134.8566101074219,1595400.0
2022-11-17,14.489999771118164,14.8149995803833,14.380000114440918,14.710000038146973,14.439839363098145,1785600.0
2022-11-18,14.93000030517578,,,15.229999542236328,14.950289726257324,1713700.0
2022-11-21,15.1899995803833,15.880000114440918,15.1899995803833,15.609999656677246,15.323308944702148,1518500.0
2022-11-22,15.779999732971191,139.74943234843593,15.59000015258789,15.770000457763672,15.480371475219728,1129300.0
2022-11-23,15.770000457763672,15.914999961853027,15.479999542236328,15.890000343322754,15.598169326782228,613200.0
2022-11-25,15.920000076293944,16.040000915527344,15.84000015258789,15.979999542236328,15.686515808105469,308200.0
2022-11-28,,16.059999465942383,15.30500030517578,15.380000114440918,15.097535133361816,1106400.0
2022-11-29,15.350000381469728,15.399999618530272,14.760000228881836,15.199999809265137,14.920839309692385,1218200.0
2022-11-30,15.270000457763672,15.470000267028809,15.0649995803833,15.420000076293944,15.136798858642578,882100.0
2022-12-01,15.34000015258789,15.460000038146973,14.895000457763672,14.960000038146973,14.685248374938965,918500.0
2022-12-02,14.979999542236328,15.829999923706056,14.899999618530272,15.829999923706056,15.539270401000977,803400.0
2022-12-05,15.800000190734863,15.81999969482422,,15.18000030517578,14.90120792388916,867000.0
2022-12-06,15.210000038146973,15.31999969482422,14.6850004196167,14.859999656677246,14.587085723876951,670100.0
2022-12-07,14.81999969482422,14.835000038146973,14.43000030517578,14.43000030517578,14.164982795715332,1499400.0
2022-12-08,14.479999542236328,14.645000457763672,14.289999961853027,14.640000343322754,14.371126174926758,685000.0
2022-12-09,14.579999923706056,14.600000381469728,14.270000457763672,14.270000457763672,,537500.0
2022-12-12,14.25,14.8100004196167,14.18000030517578,14.800000190734863,14.52818775177002,669700.0
2022-12-13,15.119999885559082,15.199999809265137,134.51774214467696,14.619999885559082,14.351491928100586,805300.0
2022-12-14,14.630000114440918,14.71500015258789,14.350000381469728,14.539999961853027,14.27296257019043,752700.0
2022-12-15,14.5,14.5,,13.300000190734863,13.055734634399414,1891600.0
2022-12-16,13.010000228881836,13.0600004196167,11.539999961853027,11.739999771118164,11.524385452270508,
2022-12-19,137.39122591326316,11.75,11.0,11.149999618530272,10.94522190093994,2700200.0
2022-12-20,11.06999969482422,11.19499969482422,10.390000343322754,11.050000190734863,10.847058296203612,2507800.0
2022-12-21,11.06999969482422,11.06999969482422,10.4399995803833,10.829999923706056,10.631098747253418,1512200.0
2022-12-22,10.649999618530272,10.899999618530272,10.510000228881836,10.760000228881836,10.562384605407717,883100.0
2022-12-23,10.6899995803833,10.704999923706056,10.270000457763672,10.479999542236328,10.287525177001951,987600.0
2022-12-27,10.520000457763672,10.59000015258789,10.260000228881836,10.369999885559082,10.179546356201172,689400.0
2022-12-28,10.3100004196167,10.55500030517578,10.21500015258789,10.359999656677246,10.169732093811035,926900.0
2022-12-29,10.40999984741211,10.520000457763672,10.369000434875488,10.390000343322754,10.199178695678713,746800.0
2022-12-30,10.300000190734863,10.414999961853027,10.210000038146973,10.31999969482422,10.130464553833008,645500.0
2023-01-03,10.489999771118164,10.550000190734863,10.279999732971191,10.449999809265137,10.258078575134276,1064400.0
2023-01-04,10.470000267028809,10.779999732971191,10.369999885559082,10.649999618530272,10.454402923583984,730400.0
2023-01-05,,10.829999923706056,10.470000267028809,10.770000457763672,10.5722017288208,815000.0
2023-01-06,10.869999885559082,11.149999618530272,10.741999626159668,11.130000114440918,10.925589561462402,910100.0
2023-01-09,11.210000038146973,11.270000457763672,10.94200038909912,10.970000267028809,10.76852798461914,1149200.0
2023-01-10,10.960000038146973,11.239999771118164,10.949999809265137,11.15999984741211,10.955036163330078,533000.0
2023-01-11,11.210000038146973,11.385000228881836,11.15999984741211,11.289999961853027,11.082650184631348,706900.0
2023-01-12,11.31999969482422,11.649999618530272,11.31999969482422,11.539999961853027,11.328059196472168,836400.0
2023-01-13,11.40999984741211,11.850000381469728,11.40999984741211,11.6899995803833,11.475303649902344,802000.0
2023-01-17,11.34000015258789,11.6899995803833,11.260000228881836,11.619999885559082,11.406590461730955,786100.0
2023-01-18,11.6899995803833,11.770000457763672,134.51774214467696,11.600000381469728,11.386957168579102,671300.0
2023-01-19,11.56999969482422,11.880000114440918,11.520000457763672,11.739999771118164,11.524385452270508,777700.0
2023-01-20,11.880000114440918,12.050000190734863,11.600000381469728,11.600000381469728,11.386957168579102,987900.0
2023-01-23,11.609999656677246,,11.609999656677246,11.970000267028809,11.750163078308104,860900.0
2023-01-24,11.9399995803833,12.005000114440918,11.68000030517578,,,513500.0
2023-01-25,11.68000030517578,12.015000343322754,11.56999969482422,11.979999542236328,11.79446506500244,725500.0
2023-01-26,12.0600004196167,12.149999618530272,11.795000076293944,11.989999771118164,11.80430793762207,974200.0
2023-01-27,11.880000114440918,12.1899995803833,11.859999656677246,12.15999984741211,11.97167682647705,485400.0
2023-01-30,12.119999885559082,12.289999961853027,12.020000457763672,12.18000030517578,11.991368293762209,492100.0
2023-01-31,12.270000457763672,12.359999656677246,12.109999656677246,12.199999809265137,12.011056900024414,678000.0
2023-02-01,12.1899995803833,12.710000038146973,12.130000114440918,12.619999885559082,12.424552917480469,654800.0
2023-02-02,12.65999984741211,12.885000228881836,12.539999961853027,12.84000015258789,12.641146659851074,674400.0
2023-02-03,12.699999809265137,12.93000030517578,12.619999885559082,12.8100004196167,12.611610412597656,475600.0
2023-02-06,12.68000030517578,12.859999656677246,12.56999969482422,12.649999618530272,12.45408821105957,445200.0
2023-02-07,12.5600004196167,12.609999656677246,134.51774214467696,12.59000015258789,12.395017623901367,351900.0
2023-02-08,12.539999961853027,12.630000114440918,12.329999923706056,12.449999809265137,134.8566101074219,412300.0
2023-02-09,12.56999969482422,12.630000114440918,12.164999961853027,,12.05043888092041,483700.0
2023-02-10,12.260000228881836,12.295000076293944,12.130000114440918,,12.030747413635254,396300.0
2023-02-13,12.25,12.59000015258789,12.18000030517578,12.550000190734863,12.355637550354004,682600.0
2023-02-14,12.43000030517578,139.74943234843593,12.130000114440918,137.38367751336867,12.05043888092041,1003900.0
2023-02-15,13.0,13.25,12.510000228881836,13.06999969482422,12.867582321166992,1699700.0
2023-02-16,13.0,13.670000076293944,12.970000267028809,13.579999923706056,13.369686126708984,1269200.0
2023-02-17,13.59000015258789,13.59000015258789,,13.109999656677246,12.906963348388672,833000.0
2023-02-21,12.960000038146973,13.375,12.960000038146973,13.109999656677246,12.906963348388672,646900.0
2023-02-22,13.06999969482422,13.46500015258789,13.06999969482422,13.399999618530272,13.19247341156006,696600.0
2023-02-23,13.350000381469728,13.4399995803833,12.93000030517578,13.140000343322754,12.936500549316406,635600.0
2023-02-24,13.029999732971191,13.08899974822998,134.51774214467696,12.890000343322754,,435900.0
2023-02-27,13.010000228881836,13.600000381469728,12.854999542236328,12.890000343322754,12.690372467041016,1357100.0
2023-02-28,12.960000038146973,13.09000015258789,12.80500030517578,,12.808513641357422,664300.0
2023-03-01,13.0,13.380000114440918,12.949999809265137,12.970000267028809,12.769132614135742,1604700.0
2023-03-02,12.899999618530272,13.418999671936035,12.730999946594238,,13.113712310791016,1070200.0
2023-03-03,13.34000015258789,13.80500030517578,13.34000015258789,13.5,13.29092502593994,990400.0
2023-03-06,13.529999732971191,13.850000381469728,13.520000457763672,13.68000030517578,13.468137741088867,743100.0
2023-03-07,13.68000030517578,13.774999618530272,13.449000358581545,13.5,13.29092502593994,601000.0
2023-03-08,13.43000030517578,13.510000228881836,134.51774214467696,13.390000343322754,13.182628631591797,474900.0
2023-03-09,13.399999618530272,13.619999885559082,13.399999618530272,13.449999809265137,13.24169921875,640800.0
2023-03-10,13.420000076293944,13.640000343322754,13.210000038146973,13.300000190734863,13.094021797180176,762700.0
2023-03-13,13.100000381469728,13.71500015258789,13.06999969482422,13.380000114440918,13.17278289794922,786100.0
2023-03-14,13.600000381469728,14.145000457763672,13.5600004196167,14.119999885559082,13.901322364807127,960500.0
2023-03-15,13.93000030517578,14.470000267028809,13.895999908447266,14.350000381469728,,937300.0
2023-03-16,14.210000038146973,14.609999656677246,14.199999809265137,14.3100004196167,14.088379859924316,829400.0
2023-03-17,14.199999809265137,14.494999885559082,14.135000228881836,14.220000267028809,13.999773979187012,1192900.0
2023-03-20,14.220000267028809,14.479999542236328,14.199999809265137,14.220000267028809,13.999773979187012,582200.0
2023-03-21,14.359999656677246,14.600000381469728,14.350000381469728,14.40999984741211,14.186830520629885,744400.0
2023-03-22,14.920000076293944,15.880000114440918,14.899999618530272,15.3100004196167,15.07289218902588,2139600.0
2023-03-23,15.399999618530272,15.6899995803833,15.18000030517578,15.520000457763672,15.279641151428224,1000900.0
2023-03-24,15.520000457763672,15.760000228881836,15.380000114440918,15.710000038146973,15.46669864654541,789900.0
2023-03-27,15.729999542236328,15.770000457763672,15.345000267028809,15.380000114440918,15.141807556152344,723200.0
2023-03-28,15.350000381469728,15.539999961853027,15.300000190734863,15.470000267028809,15.230414390563965,676000.0
2023-03-29,15.529999732971191,,15.270000457763672,15.550000190734863,15.309175491333008,730300.0
2023-03-30,15.550000190734863,15.579999923706056,15.31999969482422,15.520000457763672,15.279641151428224,678400.0
2023-03-31,15.579999923706056,15.59000015258789,134.51774214467696,15.550000190734863,15.309175491333008,861800.0
2023-04-03,15.470000267028809,15.5600004196167,15.390000343322754,15.449999809265137,15.21072483062744,603600.0
2023-04-04,15.5,,15.359999656677246,137.38367751336867,,702700.0
2023-04-05,15.520000457763672,139.74943234843593,15.369999885559082,15.510000228881836,,574700.0
2023-04-06,15.5,15.510000228881836,,15.029999732971191,14.797228813171388,1060800.0
2023-04-10,,15.5,14.892000198364258,15.40999984741211,15.171344757080078,898200.0
2023-04-11,15.369999885559082,15.520000457763672,134.51774214467696,15.43000030517578,15.191034317016602,611400.0
2023-04-12,15.510000228881836,15.5649995803833,15.255000114440918,15.329999923706056,15.09258270263672,659300.0
2023-04-13,15.390000343322754,15.479999542236328,15.239999771118164,15.3100004196167,15.07289218902588,500900.0
2023-04-14,15.300000190734863,15.4399995803833,14.84000015258789,14.880000114440918,14.64955234527588,576500.0
2023-04-17,137.39122591326316,,14.619999885559082,14.720000267028809,14.492030143737791,935900.0
2023-04-18,14.850000381469728,15.029999732971191,14.640000343322754,14.649999618530272,14.423113822937012,638600.0
2023-04-19,14.6899995803833,14.770000457763672,14.529999732971191,14.739999771118164,14.511720657348633,699000.0
2023-04-20,14.720000267028809,15.024999618530272,14.68000030517578,14.859999656677246,14.629860877990724,590800.0
2023-04-21,14.890000343322754,15.40999984741211,14.890000343322754,15.300000190734863,15.063048362731934,940000.0
2023-04-24,,15.34000015258789,15.109999656677246,15.210000038146973,14.974441528320312,850100.0
2023-04-25,15.010000228881836,15.55500030517578,14.949999809265137,15.470000267028809,15.265542030334473,904600.0
2023-04-26,15.550000190734863,15.550000190734863,15.0649995803833,15.119999885559082,14.920167922973633,806700.0
2023-04-27,15.210000038146973,139.74943234843593,15.140000343322754,15.4399995803833,15.23593807220459,504800.0
2023-04-28,15.40999984741211,15.538999557495115,15.300000190734863,15.380000114440918,15.17673110961914,623700.0
2023-05-01,15.369999885559082,15.890000343322754,15.0600004196167,15.109999656677246,14.91029930114746,1044700.0
2023-05-02,15.079999923706056,15.104999542236328,,14.880000114440918,14.683340072631836,841400.0
2023-05-03,14.869999885559082,15.010000228881836,14.68000030517578,14.710000038146973,14.515586853027344,754200.0
2023-05-04,14.65999984741211,14.875,14.59000015258789,14.760000228881836,14.56492519378662,642900.0
2023-05-05,14.859999656677246,15.045000076293944,14.81999969482422,14.970000267028809,14.772150993347168,610500.0
2023-05-08,14.9399995803833,15.050000190734863,14.770000457763672,14.84000015258789,14.643869400024414,884500.0
2023-05-09,14.84000015258789,15.329999923706056,14.789999961853027,15.199999809265137,14.999110221862791,938100.0
2023-05-10,15.25,15.31999969482422,14.765000343322754,137.38367751336867,14.79188632965088,1180000.0
2023-05-11,15.300000190734863,15.545000076293944,14.211999893188477,15.140000343322754,14.93990421295166,
2023-05-12,,15.789999961853027,15.03499984741211,15.09000015258789,14.890564918518066,1071900.0
2023-05-15,15.100000381469728,15.229999542236328,14.869999885559082,15.079999923706056,14.880696296691896,814300.0
2023-05-16,15.039999961853027,15.06999969482422,14.260000228881836,14.9399995803833,14.742547035217283,1227100.0
2023-05-17,14.979999542236328,15.239999771118164,14.899999618530272,15.170000076293944,14.969507217407228,772200.0
2023-05-18,15.18000030517578,15.270000457763672,14.649999618530272,14.920000076293944,14.722810745239258,821000.0
2023-05-19,,15.0600004196167,14.859999656677246,15.0,14.80175495147705,750300.0
2023-05-22,15.020000457763672,,,15.460000038146973,15.255674362182615,787300.0
2023-05-23,15.399999618530272,15.5,14.890000343322754,14.949999809265137,14.75241470336914,679900.0
2023-05-24,14.90999984741211,15.0,14.675000190734863,14.9399995803833,14.742547035217283,626200.0
2023-05-25,,,14.744999885559082,14.779999732971191,14.584662437438965,793600.0
2023-05-26,14.760000228881836,14.920000076293944,14.725000381469728,14.8100004196167,14.614265441894531,636300.0
2023-05-30,14.81999969482422,15.09000015258789,14.81999969482422,14.979999542236328,14.78201675415039,1353300.0
2023-05-31,14.960000038146973,15.109999656677246,14.829999923706056,14.9399995803833,14.742547035217283,1220300.0
2023-06-01,15.050000190734863,15.630000114440918,14.90999984741211,137.38367751336867,15.42342758178711,855700.0
2023-06-02,15.649999618530272,15.710000038146973,15.350000381469728,15.449999809265137,15.245806694030762,1136800.0
2023-06-05,15.329999923706056,15.619999885559082,15.329999923706056,15.399999618530272,15.196467399597168,1077900.0
2023-06-06,15.449999809265137,139.74943234843593,15.43000030517578,15.479999542236328,15.275409698486328,1272100.0
2023-06-07,15.579999923706056,,15.399999618530272,,15.23593807220459,1131500.0
2023-06-08,15.390000343322754,15.470000267028809,15.25,15.3100004196167,15.107657432556152,1077100.0
2023-06-09,15.3100004196167,15.345000267028809,15.0600004196167,15.09000015258789,134.8566101074219,812300.0
2023-06-12,15.109999656677246,15.21500015258789,14.84000015258789,14.850000381469728,14.65373706817627,1136500.0
2023-06-13,14.920000076293944,14.9399995803833,14.713000297546388,14.90999984741211,14.71294403076172,1382600.0
2023-06-14,14.779999732971191,14.779999732971191,13.970000267028809,13.970000267028809,13.785367012023926,1689200.0
2023-06-15,14.039999961853027,14.5600004196167,,14.479999542236328,14.288626670837402,
2023-06-16,14.649999618530272,14.729999542236328,14.399999618530272,14.40999984741211,14.21955108642578,1334000.0
2023-06-20,14.3100004196167,14.3100004196167,13.9350004196167,14.09000015258789,13.90378189086914,1281800.0
2023-06-21,14.079999923706056,14.390000343322754,14.0600004196167,14.260000228881836,14.071533203125,1076400.0
2023-06-22,14.220000267028809,14.354999542236328,14.050000190734863,14.229999542236328,,896300.0
2023-06-23,14.5,,14.204999923706056,14.279999732971191,14.091269493103027,4020000.0
2023-06-26,14.18000030517578,14.4350004196167,14.015000343322754,14.369999885559082,14.180079460144045,1089600.0
2023-06-27,,,14.380000114440918,14.699999809265137,14.505719184875488,1454600.0
2023-06-28,14.65999984741211,14.859999656677246,14.600000381469728,,14.59453010559082,1230300.0
2023-06-29,14.779999732971191,14.859999656677246,14.729999542236328,14.770000457763672,14.574793815612791,858400.0
2023-06-30,14.880000114440918,14.890000343322754,14.600000381469728,,14.535322189331056,694300.0
2023-07-03,14.729999542236328,14.9399995803833,14.729999542236328,14.8100004196167,14.614265441894531,420500.0
2023-07-05,14.8100004196167,14.829999923706056,14.5,14.550000190734863,14.357702255249023,741500.0
2023-07-06,14.5,14.5,14.1850004196167,14.300000190734863,14.111005783081056,664800.0
2023-07-07,14.34000015258789,,14.329999923706056,14.520000457763672,14.32809829711914,667600.0
2023-07-10,14.470000267028809,15.399999618530272,14.470000267028809,15.300000190734863,15.097789764404297,1326100.0
2023-07-11,15.470000267028809,15.59000015258789,15.085000038146973,15.40999984741211,15.206335067749023,1310800.0
2023-07-12,15.579999923706056,15.770000457763672,15.29699993133545,15.720000267028809,15.51223850250244,1531400.0
2023-07-13,137.39122591326316,15.880000114440918,15.460000038146973,15.460000038146973,15.255674362182615,775600.0
2023-07-14,15.479999542236328,15.510000228881836,15.25,15.350000381469728,15.14712905883789,543700.0
2023-07-17,15.270000457763672,15.56999969482422,15.15999984741211,15.4399995803833,15.23593807220459,821300.0
2023-07-18,15.43000030517578,15.880000114440918,,15.68000030517578,15.472766876220703,1430100.0
2023-07-19,15.710000038146973,16.219999313354492,15.710000038146973,15.949999809265137,15.739198684692385,1399800.0
2023-07-20,15.949999809265137,16.059999465942383,15.779999732971191,15.800000190734863,15.591180801391602,703900.0
2023-07-21,15.949999809265137,15.989999771118164,15.640000343322754,15.68000030517578,15.472766876220703,577100.0
2023-07-24,15.6899995803833,15.779999732971191,15.489999771118164,15.65999984741211,15.45302963256836,519000.0
2023-07-25,15.579999923706056,15.654999732971191,15.5,15.600000381469728,134.8566101074219,616800.0
2023-07-26,15.699999809265137,15.720000267028809,15.460000038146973,15.520000457763672,15.349186897277832,575000.0
2023-07-27,15.510000228881836,15.6899995803833,15.510000228881836,15.550000190734863,15.37885570526123,790400.0
2023-07-28,15.5600004196167,15.699999809265137,15.479999542236328,15.579999923706056,134.8566101074219,703700.0
2023-07-31,15.65999984741211,15.65999984741211,134.51774214467696,15.399999618530272,15.230506896972656,
2023-08-01,15.390000343322754,15.390000343322754,15.020000457763672,15.289999961853027,15.12171745300293,643800.0
2023-08-02,15.119999885559082,15.119999885559082,14.739999771118164,14.859999656677246,14.696450233459473,732600.0
2023-08-03,14.8100004196167,14.970000267028809,14.604999542236328,14.890000343322754,14.72612190246582,914100.0
2023-08-04,14.899999618530272,15.079999923706056,14.81999969482422,14.84000015258789,14.676671028137209,587800.0
2023-08-07,14.93000030517578,15.050000190734863,14.779999732971191,14.789999961853027,14.627220153808594,536100.0
2023-08-08,14.68000030517578,14.699999809265137,14.369999885559082,14.380000114440918,,529600.0
2023-08-09,14.460000038146973,14.510000228881836,14.3149995803833,14.399999618530272,14.241514205932615,702700.0
2023-08-10,13.770000457763672,13.770000457763672,12.329999923706056,12.43000030517578,12.293194770812988,3846600.0
2023-08-11,12.5600004196167,13.170000076293944,12.510000228881836,12.949999809265137,12.807473182678224,2618500.0
2023-08-14,12.9399995803833,13.06999969482422,12.864999771118164,12.989999771118164,12.847031593322754,1042400.0
2023-08-15,12.960000038146973,13.4399995803833,12.899999618530272,13.270000457763672,134.8566101074219,1361900.0
2023-08-16,13.199999809265137,13.359999656677246,13.149999618530272,13.25,13.104170799255373,926700.0
2023-08-17,13.289999961853027,13.380000114440918,12.90999984741211,,12.777801513671877,1145900.0
2023-08-18,12.8100004196167,13.1850004196167,12.8100004196167,13.010000228881836,12.866811752319336,1278600.0
2023-08-21,13.050000190734863,139.74943234843593,13.020000457763672,13.18000030517578,13.034941673278809,1100300.0
2023-08-22,,13.404999732971191,13.170000076293944,13.34000015258789,13.193180084228516,724900.0
2023-08-23,13.350000381469728,13.449999809265137,13.149999618530272,13.369999885559082,13.22284984588623,509300.0
2023-08-24,13.329999923706056,13.34000015258789,13.135000228881836,13.1899995803833,13.044829368591309,716600.0
2023-08-25,13.239999771118164,13.279999732971191,13.109999656677246,13.130000114440918,12.985491752624512,612900.0
2023-08-28,13.220000267028809,13.3100004196167,13.199999809265137,13.239999771118164,13.094281196594238,564400.0
2023-08-29,13.1899995803833,13.34000015258789,13.170000076293944,13.34000015258789,13.193180084228516,422000.0
2023-08-30,13.350000381469728,13.614999771118164,,13.529999732971191,13.38108730316162,448700.0
2023-08-31,13.550000190734863,13.770000457763672,13.369999885559082,13.390000343322754,13.242630004882812,814100.0
2023-09-01,13.449999809265137,13.59000015258789,13.34000015258789,13.350000381469728,,552700.0
2023-09-05,13.359999656677246,13.359999656677246,13.149999618530272,13.239999771118164,13.094281196594238,838000.0
2023-09-06,13.239999771118164,13.239999771118164,134.51774214467696,13.140000343322754,12.995381355285645,637800.0
2023-09-07,13.119999885559082,13.170000076293944,13.020000457763672,13.079999923706056,12.936041831970217,539400.0
2023-09-08,13.0600004196167,13.220000267028809,12.989999771118164,13.119999885559082,12.975600242614746,944600.0
2023-09-11,13.170000076293944,13.3149995803833,13.06999969482422,13.1899995803833,13.044829368591309,990100.0
2023-09-12,13.18000030517578,13.31999969482422,12.869999885559082,12.869999885559082,12.728352546691896,989500.0
2023-09-13,12.880000114440918,13.095000267028809,12.84000015258789,13.0600004196167,12.91626262664795,1197900.0
2023-09-14,13.079999923706056,13.289999961853027,13.015000343322754,13.289999961853027,13.14373016357422,901900.0
2023-09-15,13.289999961853027,13.289999961853027,12.994999885559082,13.130000114440918,12.985491752624512,2174700.0
2023-09-18,13.119999885559082,13.18000030517578,13.029999732971191,13.18000030517578,13.034941673278809,761300.0
2023-09-19,13.149999618530272,13.25,13.045000076293944,,12.955821990966797,871300.0
2023-09-20,13.100000381469728,13.3100004196167,13.029999732971191,13.050000190734863,12.9063720703125,438200.0
2023-09-21,,13.005000114440918,12.850000381469728,,12.738243103027344,659800.0
2023-09-22,12.869999885559082,13.020000457763672,12.774999618530272,12.789999961853027,12.649232864379885,700400.0
2023-09-25,12.619999885559082,12.920000076293944,12.600000381469728,12.739999771118164,12.599782943725586,854100.0
2023-09-26,12.68000030517578,12.720000267028809,12.529999732971191,12.529999732971191,12.392094612121582,761300.0
2023-09-27,12.5,12.574999809265137,12.270000457763672,12.350000381469728,12.214076042175291,1050600.0
2023-09-28,12.170000076293944,12.4350004196167,12.050000190734863,12.390000343322754,,948000.0
2023-09-29,12.479999542236328,12.630000114440918,12.4399995803833,12.470000267028809,12.332755088806152,683000.0
2023-10-02,12.399999618530272,12.550000190734863,12.300000190734863,12.43000030517578,12.293194770812988,950900.0
2023-10-03,12.510000228881836,12.734999656677246,12.43000030517578,12.510000228881836,12.372315406799316,1398800.0
2023-10-04,12.5600004196167,12.795000076293944,12.43000030517578,12.710000038146973,12.570114135742188,738400.0
2023-10-05,12.720000267028809,12.8100004196167,12.40999984741211,12.4399995803833,12.303085327148438,859500.0
2023-10-06,12.380000114440918,12.630000114440918,12.229999542236328,12.350000381469728,12.214076042175291,1150200.0
2023-10-09,12.3100004196167,12.43000030517578,12.0600004196167,12.420000076293944,12.283305168151855,757100.0
2023-10-10,12.449999809265137,12.6899995803833,12.425000190734863,12.449999809265137,12.312975883483888,890000.0
2023-10-11,12.449999809265137,12.550000190734863,12.050000190734863,12.0600004196167,,1373000.0
2023-10-12,12.0600004196167,12.079999923706056,11.725000381469728,11.800000190734863,11.67012882232666,1188800.0
2023-10-13,11.770000457763672,11.779999732971191,11.609999656677246,11.699999809265137,,1241600.0
2023-10-16,11.8100004196167,12.324999809265137,11.784000396728516,12.279999732971191,12.144845962524414,1062300.0
2023-10-17,12.25,12.619999885559082,,12.4399995803833,12.303085327148438,1125200.0
2023-10-18,12.359999656677246,12.65999984741211,12.359999656677246,12.579999923706056,12.44154453277588,814300.0
2023-10-19,12.550000190734863,13.0,12.43000030517578,12.729999542236328,12.589892387390137,
2023-10-20,12.710000038146973,12.880000114440918,12.399999618530272,,12.342644691467283,1701600.0
2023-10-23,12.520000457763672,13.09000015258789,12.449999809265137,12.68000030517578,12.540444374084473,1222600.0
2023-10-24,12.770000457763672,13.050000190734863,12.770000457763672,12.90999984741211,12.76791286468506,797900.0
2023-10-25,12.829999923706056,12.880000114440918,134.51774214467696,12.670000076293944,12.564618110656738,1181400.0
2023-10-26,12.710000038146973,12.880000114440918,12.640000343322754,12.869999885559082,12.762953758239746,896500.0
2023-10-27,12.899999618530272,13.1899995803833,12.8149995803833,12.859999656677246,12.753036499023438,1333600.0
2023-10-30,12.510000228881836,12.989999771118164,12.399999618530272,12.859999656677246,12.753036499023438,1543200.0
2023-10-31,12.90999984741211,13.06999969482422,12.789999961853027,12.93000030517578,12.822455406188965,950600.0
2023-11-01,12.960000038146973,13.0600004196167,12.81999969482422,13.029999732971191,12.921622276306152,930200.0
2023-11-02,13.109999656677246,139.74943234843593,13.09000015258789,13.239999771118164,13.129877090454102,941400.0
2023-11-03,13.449999809265137,13.460000038146973,13.15999984741211,,13.189377784729004,974200.0
2023-11-06,13.199999809265137,13.44499969482422,13.154999732971191,13.40999984741211,13.298462867736816,1037400.0
2023-11-07,13.4399995803833,13.505000114440918,13.300000190734863,13.43000030517578,13.318296432495115,1059400.0
2023-11-08,13.460000038146973,13.56999969482422,13.329999923706056,13.4399995803833,13.328211784362791,1311800.0
2023-11-09,12.5,12.710000038146973,11.520000457763672,12.5600004196167,12.455533027648926,3850800.0
2023-11-10,12.56999969482422,13.25,12.539999961853027,12.81999969482422,12.713369369506836,1909400.0
2023-11-13,12.81999969482422,13.279999732971191,12.779999732971191,13.130000114440918,13.020792007446287,1283600.0
2023-11-14,13.43000030517578,13.539999961853027,13.225000381469728,13.390000343322754,134.8566101074219,1402500.0
2023-11-15,13.43000030517578,13.539999961853027,13.270000457763672,13.350000381469728,13.23896312713623,1089800.0
2023-11-16,13.34000015258789,13.359999656677246,13.09000015258789,13.109999656677246,13.000957489013672,1036600.0
2023-11-17,13.18000030517578,13.220000267028809,134.51774214467696,13.039999961853027,134.8566101074219,946500.0
2023-11-20,12.770000457763672,,12.609999656677246,12.869999885559082,12.762953758239746,1155500.0
2023-11-21,,12.93000030517578,12.720000267028809,12.789999961853027,12.683618545532228,1028900.0
2023-11-22,12.829999923706056,13.050000190734863,12.829999923706056,13.0,12.89187240600586,923900.0
2023-11-24,13.050000190734863,13.140000343322754,13.0,13.079999923706056,12.97120761871338,416700.0
2023-11-27,13.0,13.140000343322754,12.989999771118164,13.100000381469728,,734800.0
2023-11-28,13.06999969482422,13.100000381469728,12.970000267028809,137.38367751336867,,720500.0
2023-11-29,13.039999961853027,13.104999542236328,12.989999771118164,13.0,12.89187240600586,595000.0
2023-11-30,13.0,13.109999656677246,12.979999542236328,13.0,12.89187240600586,773400.0
2023-12-01,12.949999809265137,,12.949999809265137,,13.119958877563477,1025800.0
2023-12-04,13.199999809265137,13.4399995803833,,13.420000076293944,13.308378219604492,750900.0
2023-12-05,137.39122591326316,13.5,13.220000267028809,13.229999542236328,13.119958877563477,837500.0
2023-12-06,,13.4399995803833,12.989999771118164,13.0,12.89187240600586,619600.0
2023-12-07,13.18000030517578,13.18000030517578,12.979999542236328,13.050000190734863,12.94145679473877,786000.0
2023-12-08,13.0600004196167,13.09000015258789,12.960000038146973,13.09000015258789,12.981122970581056,754500.0
2023-12-11,,13.258999824523926,13.029999732971191,13.239999771118164,13.129877090454102,932600.0
2023-12-12,13.289999961853027,13.460000038146973,13.100000381469728,13.149999618530272,13.04062557220459,953700.0
2023-12-13,13.119999885559082,13.899999618530272,13.119999885559082,13.899999618530272,13.78438663482666,1000200.0
2023-12-14,13.93000030517578,14.270000457763672,13.845000267028809,14.270000457763672,14.151309967041016,1536400.0
2023-12-15,14.380000114440918,14.40999984741211,14.130000114440918,14.210000038146973,14.091808319091797,1129400.0
2023-12-18,14.289999961853027,14.489999771118164,14.140000343322754,14.479999542236328,14.359562873840332,821500.0
2023-12-19,14.449999809265137,14.800000190734863,14.449999809265137,14.779999732971191,14.657068252563477,817300.0
2023-12-20,14.789999961853027,15.239999771118164,,14.770000457763672,14.647150993347168,
2023-12-21,14.869999885559082,15.029999732971191,14.729999542236328,15.029999732971191,14.904987335205078,503600.0
2023-12-22,15.079999923706056,15.109999656677246,14.9399995803833,15.020000457763672,14.895071983337402,
2023-12-26,15.010000228881836,15.329999923706056,14.970000267028809,15.260000228881836,15.133075714111328,517600.0
2023-12-27,15.300000190734863,15.40999984741211,15.220000267028809,15.40999984741211,15.281827926635742,531200.0
2023-12-28,,15.380000114440918,15.229999542236328,15.25,15.123157501220703,421100.0
2023-12-29,15.220000267028809,15.359999656677246,,15.09000015258789,14.964488983154297,603800.0
2024-01-02,15.020000457763672,,14.664999961853027,14.729999542236328,14.60748291015625,622100.0
2024-01-03,14.739999771118164,14.739999771118164,14.335000038146973,14.350000381469728,14.23064422607422,581500.0
2024-01-04,14.4399995803833,14.4399995803833,14.149999618530272,14.31999969482422,14.200892448425291,546200.0
2024-01-05,14.210000038146973,14.390000343322754,14.140000343322754,14.18000030517578,14.062058448791504,701100.0
2024-01-08,137.39122591326316,14.625,14.170000076293944,14.520000457763672,14.399230003356934,808400.0
2024-01-09,14.350000381469728,139.74943234843593,14.125,14.239999771118164,14.121559143066406,558400.0
2024-01-10,14.18000030517578,14.375,14.050000190734863,14.329999923706056,14.210809707641602,725700.0
2024-01-11,14.289999961853027,14.295000076293944,13.539999961853027,13.789999961853027,13.675301551818848,955700.0
2024-01-12,13.960000038146973,13.960000038146973,13.630000114440918,13.710000038146973,,744400.0
2024-01-16,137.39122591326316,13.800000190734863,13.460000038146973,13.720000267028809,13.605884552001951,984300.0
2024-01-17,13.699999809265137,13.699999809265137,13.329999923706056,13.399999618530272,13.288544654846191,801500.0
2024-01-18,13.479999542236328,13.864999771118164,13.479999542236328,13.84000015258789,13.724885940551758,661900.0
2024-01-19,13.920000076293944,,13.675000190734863,13.850000381469728,13.734803199768066,707700.0
2024-01-22,137.39122591326316,14.109999656677246,13.725000381469728,13.789999961853027,13.675301551818848,834800.0
2024-01-23,13.93000030517578,13.960000038146973,13.710000038146973,13.720000267028809,13.640504837036133,763200.0
2024-01-24,13.75,13.84000015258789,13.5,13.649999618530272,13.57090950012207,533800.0
2024-01-25,13.8100004196167,13.890000343322754,13.654999732971191,13.729999542236328,13.650445938110352,367600.0
2024-01-26,13.75,13.859999656677246,13.520000457763672,13.539999961853027,13.4615478515625,
2024-01-29,13.550000190734863,13.670000076293944,13.43000030517578,13.649999618530272,13.57090950012207,442900.0
2024-01-30,,13.600000381469728,13.354999542236328,13.520000457763672,13.44166374206543,
2024-01-31,13.510000228881836,13.739999771118164,13.289999961853027,13.289999961853027,13.212995529174805,683800.0
2024-02-01,13.34000015258789,13.800000190734863,,,134.8566101074219,927300.0
2024-02-02,13.670000076293944,13.75,13.399999618530272,13.579999923706056,13.50131607055664,762700.0
2024-02-05,13.43000030517578,13.43000030517578,13.020000457763672,13.06999969482422,12.994270324707031,923900.0
2024-02-06,13.0600004196167,13.300000190734863,13.020000457763672,13.279999732971191,13.203054428100586,637200.0
2024-02-07,13.34000015258789,13.470000267028809,13.274999618530272,13.3100004196167,13.232880592346191,413300.0
2024-02-08,13.270000457763672,13.5600004196167,13.239999771118164,13.520000457763672,13.44166374206543,710200.0
2024-02-09,13.56999969482422,13.604999542236328,13.399999618530272,13.5600004196167,13.48143196105957,760600.0
2024-02-12,13.59000015258789,13.869999885559082,13.59000015258789,13.829999923706056,13.74986743927002,1041700.0
2024-02-13,12.720000267028809,13.390000343322754,12.380000114440918,13.15999984741211,13.083748817443848,2866400.0
2024-02-14,13.130000114440918,13.239999771118164,12.710000038146973,12.829999923706056,12.755661010742188,1535700.0
2024-02-15,12.800000190734863,13.1899995803833,12.65999984741211,12.8100004196167,12.735777854919434,1391300.0
2024-02-16,12.8100004196167,13.085000038146973,12.670000076293944,,12.894850730895996,985200.0
2024-02-20,12.960000038146973,13.369999885559082,12.869999885559082,13.18000030517578,,1005300.0
2024-02-21,13.079999923706056,13.46500015258789,,13.31999969482422,13.24282169342041,809500.0
2024-02-22,13.329999923706056,13.395000457763672,13.09000015258789,13.170000076293944,13.0936918258667,666800.0
2024-02-23,13.170000076293944,13.43000030517578,13.0600004196167,13.369999885559082,13.292532920837402,508200.0
2024-02-26,13.3100004196167,,12.850000381469728,12.850000381469728,12.775546073913574,904600.0
2024-02-27,12.880000114440918,12.989999771118164,12.56999969482422,12.720000267028809,12.6462984085083,767100.0
2024-02-28,12.630000114440918,12.81999969482422,12.550000190734863,12.779999732971191,12.705951690673828,
2024-02-29,12.960000038146973,13.020000457763672,12.770000457763672,12.9399995803833,12.865023612976074,1414000.0
2024-03-01,12.880000114440918,12.899999618530272,12.449999809265137,12.470000267028809,12.397747993469238,890100.0
2024-03-04,12.40999984741211,12.710000038146973,12.380000114440918,12.5600004196167,12.487226486206056,
2024-03-05,12.579999923706056,12.9399995803833,12.550000190734863,12.800000190734863,12.725835800170898,750600.0
2024-03-06,12.899999618530272,12.899999618530272,12.640000343322754,,12.6462984085083,580900.0
2024-03-07,12.779999732971191,12.979999542236328,12.779999732971191,12.859999656677246,12.785487174987791,486300.0
2024-03-08,12.9399995803833,13.109999656677246,12.824999809265137,12.93000030517578,12.855082511901855,499800.0
2024-03-11,12.84000015258789,12.970000267028809,12.760000228881836,12.869999885559082,12.795429229736328,611700.0
2024-03-12,12.850000381469728,12.895000457763672,12.579999923706056,,12.566762924194336,787200.0
2024-03-13,12.539999961853027,12.604999542236328,11.885000228881836,11.970000267028809,11.900644302368164,1409800.0
2024-03-14,11.949999809265137,11.979999542236328,11.524999618530272,11.859999656677246,11.79128074645996,1099900.0
2024-03-15,11.760000228881836,11.975000381469728,11.729999542236328,137.38367751336867,,1158900.0
2024-03-18,,11.90999984741211,11.71500015258789,11.789999961853027,11.721687316894531,696000.0
2024-03-19,11.779999732971191,11.899999618530272,11.68000030517578,11.75,11.68191909790039,768800.0
2024-03-20,11.829999923706056,12.074999809265137,,12.010000228881836,11.94041347503662,637400.0
2024-03-21,12.06999969482422,12.468000411987305,12.039999961853027,12.300000190734863,12.228732109069824,1304200.0
2024-03-22,12.359999656677246,12.68000030517578,12.21500015258789,12.479999542236328,,1558400.0
2024-03-25,12.420000076293944,12.586999893188477,12.244999885559082,12.449999809265137,12.377863883972168,1370500.0
2024-03-26,14.84000015258789,17.84000015258789,14.340999603271484,17.350000381469727,17.249473571777344,43605700.0
2024-03-27,,17.530000686645508,15.050000190734863,15.350000381469728,15.26106071472168,24052100.0
2024-03-28,15.350000381469728,15.630000114440918,14.90999984741211,15.234999656677246,,7728700.0
2024-04-01,15.18000030517578,15.350000381469728,14.91800022125244,15.18000030517578,15.092044830322266,3612100.0
2024-04-02,14.9399995803833,15.140000343322754,14.65999984741211,14.90999984741211,14.823610305786133,3217300.0
2024-04-03,14.84000015258789,14.93000030517578,134.51774214467696,14.630000114440918,14.545231819152832,3544800.0
2024-04-04,14.640000343322754,15.119999885559082,14.199999809265137,14.289999961853027,14.207201957702637,4268500.0
2024-04-05,15.210000038146973,16.04800033569336,14.84000015258789,15.329999923706056,15.241175651550291,11993600.0
2024-04-08,15.34000015258789,15.359999656677246,14.140000343322754,14.31999969482422,14.237027168273926,8686700.0
2024-04-09,14.369999885559082,14.604999542236328,14.274999618530272,14.420000076293944,14.336448669433594,4657900.0
2024-04-10,14.279999732971191,15.010000228881836,14.149999618530272,14.93000030517578,14.843494415283203,3595800.0
2024-04-11,14.84000015258789,15.109999656677246,14.760000228881836,14.989999771118164,14.903145790100098,2002900.0
2024-04-12,14.979999542236328,15.300000190734863,14.630000114440918,14.800000190734863,14.714247703552246,2356000.0
2024-04-15,14.710000038146973,14.85200023651123,14.25,14.3100004196167,14.227087020874023,2390400.0
2024-04-16,14.25,14.25,13.770000457763672,14.0600004196167,13.978534698486328,2464000.0
2024-04-17,14.100000381469728,,13.71500015258789,13.770000457763672,13.690215110778809,2042900.0
2024-04-18,13.699999809265137,13.829999923706056,13.529999732971191,13.68000030517578,13.600737571716309,1462800.0
2024-04-19,13.550000190734863,13.6899995803833,,13.640000343322754,13.560968399047852,1703900.0
2024-04-22,13.59000015258789,13.68000030517578,13.289999961853027,13.399999618530272,13.322358131408691,2141400.0
2024-04-23,13.289999961853027,13.545000076293944,13.130000114440918,13.170000076293944,13.127981185913086,2233300.0
2024-04-24,13.199999809265137,13.199999809265137,12.845000267028809,13.020000457763672,12.978460311889648,2443400.0
2024-04-25,12.880000114440918,13.25,12.84000015258789,13.100000381469728,13.058204650878906,2329000.0
2024-04-26,13.050000190734863,13.050000190734863,12.8100004196167,12.989999771118164,12.94855499267578,1665800.0
2024-04-29,13.020000457763672,13.109999656677246,12.925000190734863,13.010000228881836,12.968491554260254,1224600.0
2024-04-30,12.880000114440918,12.880000114440918,,12.649999618530272,12.609639167785645,1538200.0
2024-05-01,12.630000114440918,12.65999984741211,12.420000076293944,12.489999771118164,,1703200.0
2024-05-02,12.550000190734863,12.774999618530272,12.43000030517578,12.649999618530272,12.609639167785645,1547100.0
2024-05-03,12.880000114440918,12.90999984741211,12.510000228881836,12.65999984741211,134.8566101074219,1686800.0
2024-05-06,12.869999885559082,12.96500015258789,12.670000076293944,,12.838906288146973,1892200.0
2024-05-07,12.880000114440918,12.890000343322754,12.654999732971191,12.81999969482422,12.779097557067873,3106900.0
2024-05-08,12.710000038146973,12.970000267028809,12.56999969482422,,12.669448852539062,4345100.0
2024-05-09,13.050000190734863,13.149999618530272,12.399999618530272,12.9399995803833,12.898714065551758,4200000.0
2024-05-10,12.979999542236328,139.74943234843593,12.829999923706056,13.010000228881836,,2133700.0
2024-05-13,12.979999542236328,13.100000381469728,12.279999732971191,12.31999969482422,12.280692100524902,2726500.0
2024-05-14,12.420000076293944,12.449999809265137,,,,4340100.0
2024-05-15,11.920000076293944,12.010000228881836,11.649999618530272,11.81999969482422,11.78228759765625,
2024-05-16,11.899999618530272,12.074999809265137,,11.920000076293944,,2194300.0
2024-05-17,11.90999984741211,12.09000015258789,11.845000267028809,12.039999961853027,12.001585960388184,1707200.0
2024-05-20,,12.06999969482422,11.78499984741211,11.979999542236328,134.8566101074219,1984200.0
2024-05-21,11.960000038146973,11.970000267028809,11.645000457763672,11.6899995803833,11.652702331542969,1793300.0
2024-05-22,11.6899995803833,11.789999961853027,11.604999542236328,11.699999809265137,11.662671089172363,1144200.0
2024-05-23,11.699999809265137,11.73900032043457,11.220000267028809,11.3100004196167,11.27391529083252,2298100.0
2024-05-24,11.3100004196167,11.35099983215332,11.130000114440918,11.149999618530272,11.114425659179688,1497200.0
2024-05-28,11.210000038146973,11.210000038146973,10.75,10.760000228881836,10.725669860839844,2597000.0
2024-05-29,,139.74943234843593,,10.119999885559082,10.087712287902832,3438500.0
2024-05-30,10.100000381469728,10.199999809265137,9.984999656677246,10.15999984741211,10.12758445739746,2345400.0
2024-05-31,10.229999542236328,10.479999542236328,10.18000030517578,10.460000038146973,10.426627159118652,2345700.0
2024-06-03,11.06999969482422,11.510000228881836,134.51774214467696,10.630000114440918,10.596084594726562,3680500.0
2024-06-04,10.630000114440918,10.670000076293944,10.239999771118164,10.25,10.217297554016112,2501800.0
2024-06-05,10.25,10.369999885559082,10.06999969482422,10.3100004196167,10.277106285095217,2270900.0
2024-06-06,10.31999969482422,10.8100004196167,10.289999961853027,10.720000267028809,10.685797691345217,2276800.0
2024-06-07,10.649999618530272,11.0600004196167,10.600000381469728,,10.596084594726562,
2024-06-10,11.239999771118164,11.369999885559082,10.90999984741211,11.31999969482422,11.283883094787598,
2024-06-11,11.369999885559082,11.75,11.140000343322754,11.5,11.463309288024902,3853100.0
2024-06-12,11.609999656677246,12.135000228881836,11.515000343322754,12.06999969482422,12.031490325927734,3831100.0
2024-06-13,12.010000228881836,12.140000343322754,11.869999885559082,12.0600004196167,12.021522521972656,2195000.0
2024-06-14,11.979999542236328,12.020000457763672,11.619999885559082,11.630000114440918,11.592894554138184,1838500.0
2024-06-17,,12.010000228881836,11.529999732971191,11.84000015258789,11.802224159240724,1483500.0
2024-06-18,11.789999961853027,11.84000015258789,11.40999984741211,11.56999969482422,11.533085823059082,1631900.0
2024-06-20,11.520000457763672,11.5600004196167,11.210000038146973,11.34000015258789,11.30381965637207,1831400.0
2024-06-21,11.31999969482422,11.369999885559082,11.06999969482422,11.270000457763672,11.23404312133789,1766900.0
2024-06-24,11.220000267028809,11.260000228881836,11.020000457763672,137.38367751336867,11.094490051269531,1728100.0
2024-06-25,11.149999618530272,11.149999618530272,10.890000343322754,11.109999656677246,11.074552536010742,1627200.0
2024-06-26,11.0,11.149999618530272,10.859999656677246,10.890000343322754,10.85525608062744,1958600.0
2024-06-27,10.90999984741211,,134.51774214467696,137.38367751336867,10.586116790771484,
2024-06-28,10.619999885559082,10.8100004196167,10.470000267028809,10.760000228881836,10.725669860839844,4298000.0
2024-07-01,137.39122591326316,10.75,10.05500030517578,10.210000038146973,10.177424430847168,3094600.0
2024-07-02,10.204999923706056,10.204999923706056,9.760000228881836,9.800000190734863,9.768733024597168,3619600.0
2024-07-03,9.9399995803833,10.170000076293944,9.850000381469728,10.100000381469728,10.06777572631836,1081100.0
2024-07-05,10.050000190734863,,9.984999656677246,10.220000267028809,10.187393188476562,1728300.0
2024-07-08,10.229999542236328,10.300000190734863,10.005000114440918,10.039999961853027,10.007966995239258,1449100.0
2024-07-09,10.050000190734863,10.100000381469728,,9.739999771118164,9.708924293518066,1913800.0
2024-07-10,9.800000190734863,9.869999885559082,9.701000213623049,9.770000457763672,9.738828659057615,1708100.0
2024-07-11,9.850000381469728,10.279999732971191,9.850000381469728,10.260000228881836,10.227265357971191,
2024-07-12,10.3149995803833,10.960000038146973,10.3149995803833,10.93000030517578,10.89512825012207,4530200.0
2024-07-15,,11.170000076293944,10.645000457763672,10.65999984741211,10.625988960266112,2529700.0
2024-07-16,10.75,11.079999923706056,10.710000038146973,11.039999961853027,11.00477695465088,1509200.0
2024-07-17,10.960000038146973,11.56999969482422,10.93000030517578,11.470000267028809,11.433404922485352,2368900.0
2024-07-18,11.350000381469728,11.479999542236328,11.220000267028809,11.260000228881836,11.224075317382812,1265600.0
2024-07-19,11.260000228881836,11.369999885559082,11.104999542236328,11.1899995803833,11.154297828674316,1133400.0
2024-07-22,11.1899995803833,,10.640000343322754,10.710000038146973,10.675829887390137,2103500.0
2024-07-23,11.25,11.300000190734863,10.75,10.970000267028809,10.9350004196167,2130500.0
2024-07-24,,10.81999969482422,10.505000114440918,10.5600004196167,10.5600004196167,1759100.0
2024-07-25,10.550000190734863,10.920000076293944,10.510000228881836,10.84000015258789,10.84000015258789,1728800.0
2024-07-26,10.979999542236328,11.050000190734863,10.760000228881836,10.869999885559082,10.869999885559082,1420400.0
2024-07-29,10.75,10.779999732971191,10.385000228881836,10.579999923706056,10.579999923706056,1928600.0
2024-07-30,10.539999961853027,10.78499984741211,10.31999969482422,10.760000228881836,134.8566101074219,1880900.0
2024-07-31,10.789999961853027,10.890000343322754,10.579999923706056,10.630000114440918,10.630000114440918,1327900.0
2024-08-01,10.75,139.74943234843593,10.329999923706056,10.43000030517578,10.43000030517578,1518400.0
2024-08-02,10.1899995803833,10.239999771118164,9.899999618530272,,10.100000381469728,2234800.0
2024-08-05,137.39122591326316,9.925000190734863,9.510000228881836,9.699999809265137,9.699999809265137,2047400.0
2024-08-06,,9.899999618530272,9.579999923706056,9.619999885559082,9.619999885559082,1515900.0
2024-08-07,9.640000343322754,9.770000457763672,9.18000030517578,9.199999809265137,9.199999809265137,3005800.0
2024-08-08,9.56999969482422,10.770000457763672,9.460000038146973,137.38367751336867,10.4399995803833,3808100.0
2024-08-09,137.39122591326316,10.59000015258789,10.085000038146973,10.579999923706056,10.579999923706056,1988100.0
2024-08-12,10.550000190734863,10.654999732971191,10.210000038146973,10.25,,1724200.0
2024-08-13,137.39122591326316,10.616000175476074,10.114999771118164,10.229999542236328,10.229999542236328,1989100.0
2024-08-14,10.300000190734863,10.420000076293944,10.050000190734863,10.31999969482422,10.31999969482422,1561400.0
2024-08-15,10.449999809265137,11.100000381469728,10.44499969482422,10.93000030517578,10.93000030517578,1786900.0
2024-08-16,10.869999885559082,11.114999771118164,10.81999969482422,11.09000015258789,134.8566101074219,1355300.0
2024-08-19,11.100000381469728,11.239999771118164,10.994999885559082,11.0600004196167,11.0600004196167,1770900.0
2024-08-20,11.0600004196167,11.0600004196167,10.760000228881836,10.760000228881836,10.760000228881836,1136400.0
2024-08-21,10.789999961853027,11.03499984741211,10.75,137.38367751336867,10.890000343322754,1022200.0
2024-08-22,10.880000114440918,10.880000114440918,10.68000030517578,10.729999542236328,10.729999542236328,799200.0
2024-08-23,10.829999923706056,10.899999618530272,10.640000343322754,10.6899995803833,10.6899995803833,895900.0
2024-08-26,10.760000228881836,11.175000190734863,10.739999771118164,11.079999923706056,134.8566101074219,1356500.0
2024-08-27,10.979999542236328,,10.760000228881836,10.970000267028809,10.970000267028809,1060200.0
2024-08-28,10.859999656677246,10.975000381469728,10.670000076293944,137.38367751336867,10.859999656677246,1205900.0
2024-08-29,10.949999809265137,11.125,10.859999656677246,11.0600004196167,11.0600004196167,1523200.0
2024-08-30,11.119999885559082,11.3100004196167,11.005000114440918,11.270000457763672,11.270000457763672,1565500.0
2024-09-03,11.100000381469728,11.505000114440918,11.100000381469728,11.34000015258789,11.34000015258789,1481300.0
2024-09-04,11.300000190734863,11.630000114440918,11.142999649047852,11.5600004196167,11.5600004196167,1289700.0
2024-09-05,11.649999618530272,11.649999618530272,11.34000015258789,11.520000457763672,11.520000457763672,1178600.0
2024-09-06,11.460000038146973,11.630000114440918,11.31999969482422,11.529999732971191,,1090200.0
2024-09-09,11.529999732971191,11.65999984741211,11.34000015258789,11.470000267028809,11.470000267028809,1061800.0
2024-09-10,11.449999809265137,11.649999618530272,11.380000114440918,11.579999923706056,11.579999923706056,1032800.0
2024-09-11,11.550000190734863,11.550000190734863,11.145000457763672,11.25,11.25,1375100.0
2024-09-12,11.289999961853027,11.529999732971191,11.154999732971191,11.520000457763672,11.520000457763672,1113300.0
2024-09-13,11.640000343322754,11.93000030517578,134.51774214467696,11.75,11.75,
2024-09-16,11.770000457763672,12.3100004196167,11.734999656677246,12.1899995803833,12.1899995803833,1481600.0
2024-09-17,12.289999961853027,12.53499984741211,12.25,12.399999618530272,12.399999618530272,1350800.0
2024-09-18,12.289999961853027,12.489999771118164,12.079999923706056,12.199999809265137,12.199999809265137,1080400.0
2024-09-19,12.449999809265137,12.460000038146973,12.145000457763672,12.220000267028809,134.8566101074219,1091300.0
2021-07-14,17.649999618530273,17.969999313354492,17.149999618530273,17.219999313354492,16.696407318115234,1456100.0
2024-04-23,13.289999961853027,13.545000076293944,13.130000114440918,13.170000076293944,13.127981185913086,2233300.0
2021-12-16,16.010000228881836,16.299999237060547,15.350000381469728,15.59000015258789,15.156902313232422,843800.0
2023-09-12,13.18000030517578,13.31999969482422,12.869999885559082,12.869999885559082,12.728352546691896,989500.0
2023-11-09,12.5,12.710000038146973,11.520000457763672,12.5600004196167,12.455533027648926,3850800.0
